id,source,F0_status,F3_status,F3_minus_F0_CD,F3_minus_F0_ECD,F3_minus_F0_NC,F3_minus_F0_p95
point2building_03060_z4cd103de00000004,real_zurich,evaluated,evaluated,0.009952580746729472,0.09404955821279742,-0.01955862698725197,-0.0002601420417400191
point2building_02648_z478b924900000293,real_zurich,evaluated,evaluated,-0.04169988531405111,-0.18038141212475756,-0.009894887136230546,4.848352830322256e-10
point2building_03177_z57b4146355ea0033,real_zurich,evaluated,evaluated,-0.00030599784087637083,0.004147814732444077,0.0009001035529780932,0.0016600436256315604
point2building_01020_z41af1c5900042690,real_zurich,evaluated,evaluated,0.0022386568808837604,-0.00744087913159408,0.005963111399754029,0.00040292681858989515
point2building_02308_z45b11b8c000050a2,real_zurich,evaluated,evaluated,0.00431900139175867,0.013162220393272639,-0.00665615329450453,-1.2882273442427206e-09
point2building_02420_z4631e26b00000002,real_zurich,evaluated,evaluated,-0.019706068941822086,-0.06597591675333236,-0.023789396560739418,-0.001876455418388684
point2building_02926_z478b9252000004a9,real_zurich,evaluated,evaluated,-0.07084071591548113,-0.1251769278755499,-0.009912184160905113,1.0366068003975215e-09
point2building_02762_z478b924b00000309,real_zurich,evaluated,evaluated,0.004262528764028106,0.06755076329188592,-0.0029001467065011832,0.0026425181855179725
point2building_01231_z43d783460000001b,real_zurich,evaluated,evaluated,-0.009222031172673395,-0.30728128273085287,-0.017938210473176563,0.03517500878736585
point2building_02842_z478b924d00000360,real_zurich,evaluated,evaluated,-0.06346848888353906,-0.14730977915858512,-0.0005229372107846686,-7.335354546000872e-11
point2building_03096_z5061a3c42f350000,real_zurich,evaluated,evaluated,-0.008863714791913835,0.00325620831302742,-0.02661452898861083,-0.0013449781738604921
point2building_01226_z434cc37600000036,real_zurich,evaluated,evaluated,-0.02016608427638511,-0.008145083366321249,-0.008795287152909448,0.039169678839022545
point2building_00032_z41aca4f400000f6c,real_zurich,evaluated,evaluated,-0.00804096327340309,0.0020711826440056313,-0.005039149573452639,-1.688363560070627e-09
point2building_01232_z43d783d80000001d,real_zurich,failed,evaluated,,,,
point2building_01234_z43eaf3bb00000000,real_zurich,evaluated,evaluated,-0.017881764354480634,-0.0310662358064544,-0.0017964572433897263,0.010778668027023014
point2building_02073_z45b11b6f00004d43,real_zurich,evaluated,evaluated,0.04493472708811885,0.2262043007449841,-0.04120999456578234,0.029059094970532162
point2building_02062_z45b11b6e00004d35,real_zurich,evaluated,evaluated,0.034970613277715,0.30348453224511296,-0.03757024262306907,0.004822683358782637
point2building_03024_z4b29d97200000000,real_zurich,evaluated,evaluated,0.02278657785984306,0.0883879792203146,-0.015217963113006938,-0.0011303695614129916
point2building_04198_z4cf7a30100000000,real_zurich,evaluated,evaluated,0.0017893261940074012,0.08296117761633387,-0.02680213576012802,0.010714252621683962
point2building_04700_z5cd2c7b8e3ae0027,real_zurich,evaluated,evaluated,0.1895099282371373,0.5246692523051293,-0.07315447942723452,0.08210469145520038
point2building_04435_z5aa795dc967900fa,real_zurich,evaluated,evaluated,0.21225949287184487,0.6618656246310479,-0.044160627366482075,0.7434414810060324
point2building_00612_z41afb9c5000028d4,real_zurich,evaluated,evaluated,0.3319929265437245,0.5573306881856737,-0.058070490176908685,-0.002972072195461861
point2building_02691_z45b11c0900005eba,real_zurich,evaluated,evaluated,0.054865573039279525,0.08296111880401424,-0.044730059195535965,0.10452041515627009
point2building_01496_z41acfcf900040363,real_zurich,evaluated,evaluated,0.021787224133092753,0.06552147885762594,0.0063448501059621965,0.14743392704251485
point2building_02888_z5c37184f8d8a0056,real_zurich,evaluated,evaluated,0.14092335460524064,0.3262570482411027,-0.043561686004720435,-4.439058268124185e-05
point2building_03749_z4756d98a00000752,real_zurich,evaluated,evaluated,-0.0037841251215744443,0.03376076335479716,-0.007028920454548948,0.003147736630009189
point2building_03331_z4c11dac00000001b,real_zurich,evaluated,evaluated,-0.0027799221003226293,-0.0021295467756572983,-0.019269052652786778,-0.0017661816712822576
point2building_04499_z4961a69d00000000,real_zurich,evaluated,evaluated,0.23116626111216831,0.6321578300578796,-0.056307815209125756,0.00022133015227077113
point2building_00828_z41aca4f400001a79,real_zurich,evaluated,evaluated,-0.007914289214363102,-0.006241320513813431,-0.006801221269512103,0.007506679322351356
point2building_00089_z41ad26d300061d2a,real_zurich,evaluated,evaluated,-0.020884666301131283,-0.022481746003284453,-0.0052470716187413835,0.0408466400655173
point2building_04264_z463f41f7000004a3,real_zurich,evaluated,evaluated,0.009610910214882917,0.03823354893282982,-0.014383898620350832,-0.0007357543042847692
point2building_03215_z47050ae1000007c1,real_zurich,evaluated,evaluated,-0.0013517015139306032,-0.01896908386553786,-0.005515440435830854,0.0017696322000151365
point2building_04146_z54feb0f4c2d60023,real_zurich,evaluated,evaluated,0.030221260898134927,0.028163320469098085,-0.004076187907315898,-1.9446227406128003e-09
point2building_03120_z47050adb000005fd,real_zurich,evaluated,evaluated,0.008983176918134328,-0.006841843956957971,3.673802738679566e-05,0.043263204640570124
point2building_01182_z41ac39cc00001edd,real_zurich,evaluated,evaluated,-0.03589632146277122,-0.12621839680645053,0.012389506873083156,0.00028921578419331684
point2building_03541_z54fd6d3616b10066,real_zurich,evaluated,evaluated,-0.0066699393988245426,0.0659495367913514,-0.0034799125738164127,0.017326031261923502
point2building_03584_z45b11bd100005843,real_zurich,evaluated,evaluated,0.17818005090239808,0.5222103504968771,-0.056057208248524004,0.07058182622895515
point2building_01244_z45b11be700005ac6,real_zurich,evaluated,evaluated,0.04558350769828379,0.1415643919777494,-0.04029139529686876,0.014935964957790149
polygnn_mini_DEBY_LOD2_4862505,synthetic_mini,evaluated,evaluated,0.22824815670888776,0.7063491768881999,-0.07156666065078199,0.009650009985829378
polygnn_mini_DEBY_LOD2_4717633,synthetic_mini,evaluated,evaluated,0.06993562382222451,0.13248973784432044,-0.012745296030007403,0.09021602521847599
polygnn_mini_DEBY_LOD2_4768530,synthetic_mini,evaluated,evaluated,0.19918194673198186,0.5614365544179851,-0.059350060047780206,0.05873016343568738
polygnn_mini_DEBY_LOD2_8573782,synthetic_mini,evaluated,evaluated,0.002276010609702339,0.025980720953312497,-0.002575482027614928,-6.302847133099476e-12
polygnn_mini_DEBY_LOD2_104575493,synthetic_mini,evaluated,evaluated,0.39551837263124456,1.049666248113715,-0.10903093950161258,0.11958417365364193
polygnn_mini_DEBY_LOD2_5100005,synthetic_mini,failed,evaluated,,,,
polygnn_mini_DEBY_LOD2_4616699,synthetic_mini,evaluated,evaluated,0.009446628489080705,0.03849187322915637,-0.003404362895241153,0.0021686810512775434
polygnn_mini_DEBY_LOD2_4869536,synthetic_mini,failed,evaluated,,,,
polygnn_mini_DEBY_LOD2_5184618,synthetic_mini,evaluated,evaluated,0.19645806483644424,0.9226984082276036,-0.08261202947723623,0.04806278929114671
polygnn_mini_DEBY_LOD2_4672969,synthetic_mini,failed,failed,,,,
polygnn_mini_DEBY_LOD2_4677715,synthetic_mini,evaluated,evaluated,0.12096648002774235,0.2117120363266181,-0.03244471048379105,0.6017000606197502
polygnn_mini_DEBY_LOD2_5271709,synthetic_mini,evaluated,evaluated,0.015282851351872656,0.015775724053899265,-0.004417981147911032,0.0009606655712004475
polygnn_mini_DEBY_LOD2_5056401,synthetic_mini,evaluated,evaluated,0.006505346153098612,0.10249545538213778,-0.009976744180640096,4.825720359358243e-05
polygnn_mini_DEBY_LOD2_18272204,synthetic_mini,evaluated,evaluated,0.0031464345637280122,0.019470994263669605,0.0003728424393992791,0.002269857383293994
polygnn_mini_DEBY_LOD2_4374954,synthetic_mini,evaluated,evaluated,0.0015632759197335422,0.0044741385474384165,-0.005218574947217891,0.00323212973436382
polygnn_mini_DEBY_LOD2_4914914,synthetic_mini,evaluated,evaluated,0.14254942861537157,0.4120595739097008,-0.04670853494788385,0.005127108634198407
polygnn_mini_DEBY_LOD2_5273475,synthetic_mini,failed,evaluated,,,,
polygnn_mini_DEBY_LOD2_4827110,synthetic_mini,evaluated,evaluated,-0.00058252238979567,0.005677323432831269,-0.0022701469984307554,0.002224156872562069
polygnn_mini_DEBY_LOD2_4967349,synthetic_mini,evaluated,evaluated,-0.0015494469376004794,-0.012113008608864329,-0.0012629243021518022,0.0003780942113485175
polygnn_mini_DEBY_LOD2_5056245,synthetic_mini,evaluated,evaluated,0.6813510460101974,1.719259826870383,-0.11730364593417386,0.0573306397024016
polygnn_mini_DEBY_LOD2_21464190,synthetic_mini,failed,evaluated,,,,
polygnn_mini_DEBY_LOD2_4731695,synthetic_mini,evaluated,evaluated,-0.000514811785036734,0.008831093701422696,6.0914454201643764e-05,0.0021101217896703772
polygnn_mini_DEBY_LOD2_8573862,synthetic_mini,evaluated,evaluated,0.615692323457921,1.470395228082262,-0.08580705067460359,0.31241315271786707
polygnn_mini_DEBY_LOD2_5184797,synthetic_mini,evaluated,evaluated,0.03373110652609301,0.1343160809961865,-0.019577075431824853,0.002321821147160688
polygnn_mini_DEBY_LOD2_4735908,synthetic_mini,evaluated,evaluated,0.0030219043283736535,-0.006823754403976284,-0.003147836522269132,0.0023108756312761325
polygnn_mini_DEBY_LOD2_42758236,synthetic_mini,evaluated,evaluated,0.016680962598348725,0.07363075265600705,-0.0010709965558570733,0.0007902458546373836
polygnn_mini_DEBY_LOD2_4681422,synthetic_mini,evaluated,evaluated,-0.0013126081898882924,0.004931203135296824,0.000448457331821861,2.4650002039550145e-09
polygnn_mini_DEBY_LOD2_5055513,synthetic_mini,evaluated,evaluated,0.0022267134039991032,0.015727579760662275,-0.0008524503915665615,0.005588333044005064
polygnn_mini_DEBY_LOD2_4322128,synthetic_mini,evaluated,evaluated,0.044440436279654466,0.1521012027596545,-0.019902451228367646,0.01799242290114389
polygnn_mini_DEBY_LOD2_4473468,synthetic_mini,evaluated,evaluated,0.008495850532061422,0.0423580708570489,-0.002818268298666937,1.625061862853272e-09
polygnn_mini_DEBY_LOD2_5092970,synthetic_mini,evaluated,evaluated,0.035042924141109155,0.11791710803525982,-0.02638302636866585,0.004045106027469256
polygnn_mini_DEBY_LOD2_4620050,synthetic_mini,evaluated,evaluated,0.011883690153496662,0.02564915269084489,0.0003070130312374797,0.006192573455334027
polygnn_mini_DEBY_LOD2_5137190,synthetic_mini,evaluated,evaluated,0.00538519002926699,0.02353881117856814,-0.0029094560270259695,0.00034191266569416623
polygnn_mini_DEBY_LOD2_4870013,synthetic_mini,evaluated,evaluated,0.005342365115683284,0.023870057139080525,-0.0001630975109436772,0.004115712841767705
polygnn_mini_DEBY_LOD2_4773826,synthetic_mini,evaluated,evaluated,0.6813911986196052,1.4065106078719098,-0.11662849956306309,0.6929560349942446
polygnn_mini_DEBY_LOD2_4833066,synthetic_mini,failed,evaluated,,,,
polygnn_mini_DEBY_LOD2_4948910,synthetic_mini,evaluated,evaluated,0.09464857555089051,0.19582897257945175,-0.03400165211122086,0.0043423461021620535
polygnn_mini_DEBY_LOD2_5004510,synthetic_mini,evaluated,evaluated,0.022764020629847004,0.046389537433722705,-0.007013078485574531,0.03182670472280208
polygnn_mini_DEBY_LOD2_4901641,synthetic_mini,evaluated,evaluated,0.17227656584154394,0.5084348773137454,-0.052379757817543116,0.3832840629056189
polygnn_mini_DEBY_LOD2_5142315,synthetic_mini,evaluated,evaluated,0.0031617802458520083,0.014074346868236692,-0.0012093060539903888,0.0023464907628781007
